<ivy-module version="2.0">
	<info organisation="org.eclipse.custom" module="core.resources" revision="3.7.0" publication="20110510071200">
		<license name="Eclipse Public Licence v1.0" url="http://www.eclipse.org/org/documents/epl-v10.php" />
		<description homepage="http://www.eclipse.org/eclipse/" />
	</info>
	<configurations>
		<conf name="default" />
		<conf name="sources" />
	</configurations>
	<publications>
		<artifact conf="default" url="http://projectlombok.org/ivyrepo/eclipse/org.eclipse.core.resources_3.7.100.v20110510-0712.jar" />
		<artifact type="zip" conf="sources" url="http://projectlombok.org/ivyrepo/eclipse/org.eclipse.core.resources_3.7.100.v20110510-0712-sources.jar" />
	</publications>
</ivy-module>
