<ivy-module version="2.0">
	<info organisation="org.eclipse.custom" module="osgi" revision="3.9.0" publication="20130529171000">
		<license name="Eclipse Public Licence v1.0" url="http://www.eclipse.org/org/documents/epl-v10.php" />
		<description homepage="http://www.eclipse.org/eclipse/" />
	</info>
	<configurations>
		<conf name="default" />
		<conf name="sources" />
	</configurations>
	<publications>
		<artifact conf="default" url="http://projectlombok.org/ivyrepo/eclipse/org.eclipse.osgi_3.9.0.v20130529-1710.jar" />
		<artifact type="zip" conf="sources" url="http://projectlombok.org/ivyrepo/eclipse/org.eclipse.osgi_3.9.0.v20130529-1710-sources.jar" />
	</publications>
</ivy-module>
