<ivy-module version="2.0">
	<info organisation="org.eclipse.custom" module="jdt.core" revision="3.9.1" publication="20130905083700">
		<license name="Eclipse Public Licence v1.0" url="http://www.eclipse.org/org/documents/epl-v10.php" />
		<description homepage="http://www.eclipse.org/eclipse/" />
	</info>
	<configurations>
		<conf name="default" />
		<conf name="sources" />
	</configurations>
	<publications>
		<artifact conf="default" url="http://projectlombok.org/ivyrepo/eclipse/org.eclipse.jdt.core_3.9.1.v20130905-0837.jar" />
		<artifact type="zip" conf="sources" url="http://projectlombok.org/ivyrepo/eclipse/org.eclipse.jdt.core_3.9.1.v20130905-0837-sources.jar" />
	</publications>
</ivy-module>
